类别,代码,收盘价,涨跌幅 %,RSI,成交量/均量比,策略评分,评级,是否新出现,基本面评分,估值评分,盈利能力评分,成长性评分,财务健康评分,股息评分,PE比率,PB比率,PS比率,净利润率%,ROE%,ROA%,营收增长%,盈利增长%,流动比率,债务股权比,股息收益率%,派息比率%
股票,AGIO,43.65,2.61,58.7,1.45,149,✅ 买入,否,19.0,3.0,0.0,6.0,8.0,2.0,,1.9807596,56.828335,,,,43.7,,13.82,3.466,0.0,0.0
股票,JNJ,195.93,0.35,69.3,1.17,149,✅ 买入,否,34.0,6.0,11.0,9.0,6.0,2.0,18.930433,5.9468236,5.1227164,27.259,33.619,8.264000000000001,6.800000000000001,91.0,1.074,57.766,265.0,49.080002
股票,CSCO,78.0,0.8,72.8,1.69,149,✅ 买入,否,24.0,3.0,9.0,6.0,5.0,1.0,30.115831,6.5828342,5.327519,17.902,22.418,6.644,7.5,6.0,0.927,59.926,210.0,62.93
股票,SENEB,121.5,2.38,78.3,2.11,149,✅ 买入,否,34.0,12.0,2.0,9.0,9.0,2.0,14.0787945,1.2384689,0.50979525,3.728,9.417,4.216,8.1,125.4,2.587,44.544,0.0,0.0
股票,KGC,25.44,-0.27,56.6,1.2,148,✅ 买入,否,43.0,7.0,12.0,12.0,10.0,2.0,17.79021,3.868613,4.8778234,27.3,24.81,14.245,25.8,66.0,2.83,15.57,55.00000000000001,8.3900005
股票,FANG,149.2,3.34,59.6,1.16,148,✅ 买入,否,33.0,11.0,8.0,9.0,3.0,2.0,10.484891,1.0950137,2.922851,28.688999999999997,10.901,5.1009998,42.0,10.0,0.623,35.66,268.0,27.389999999999997
股票,NMIH,37.58,0.97,55.2,0.84,148,✅ 买入,否,38.0,10.0,10.0,6.0,10.0,2.0,7.845512,1.1520541,4.173163,55.022997,16.173000000000002,9.187,7.6,6.1,2.218,16.92,0.0,0.0
股票,FRSH,12.11,1.68,64.0,1.53,147,✅ 买入,否,22.0,5.0,0.0,5.0,10.0,2.0,23.745098,4.00728,4.135925,,,,15.299999999999999,,2.267,4.659,0.0,0.0
股票,JBSS,68.51,0.97,61.3,0.63,147,✅ 买入,否,37.0,11.0,8.0,9.0,7.0,2.0,12.1903925,2.1987228,0.69892794,5.842,19.597,10.2,8.1,59.0,2.44,30.908,131.0,16.009999999999998
股票,HLNE,131.25,0.08,58.5,0.74,147,✅ 买入,否,37.0,3.0,12.0,11.0,9.0,2.0,23.691336,6.988074,9.978253,31.116,33.82,11.618,27.3,23.200000000000003,3.175,32.149,164.0,37.18
股票,ACTG,3.67,0.55,58.9,1.18,146,✅ 买入,否,26.0,8.0,0.0,6.0,10.0,2.0,61.166668,0.6585322,1.2467366,1.7029999,0.9820000000000001,0.617,155.0,,8.632,18.497,0.0,0.0
股票,KRP,13.79,0.88,64.2,1.26,145,✅ 买入,否,20.0,8.0,4.0,3.0,5.0,0.0,18.144737,2.3207674,4.62395,11.4870004,4.1199997,5.96,8.6,-13.600000000000001,5.422,57.748,1160.0,4300.0
股票,CME,285.04,0.53,72.8,1.8,144,✅ 买入,否,19.0,3.0,6.0,2.0,8.0,0.0,27.620157,3.6385455,16.097298,58.946997,13.346,1.601,-3.0,-0.4,1.021,13.372,175.0,103.67999999999999
股票,MKL,2060.74,-1.03,64.5,1.56,144,✅ 买入,否,29.0,12.0,5.0,0.0,10.0,2.0,12.92,1.4416062,1.6197369,12.827,11.7589995,2.8870001,-5.3,-10.6,2.76,23.042,0.0,0.0
股票,APA,24.79,0.41,59.6,0.77,144,✅ 买入,否,29.0,12.0,10.0,0.0,5.0,2.0,5.9306226,1.4780588,0.93774015,16.093999,27.427998,9.9259995,-16.400000000000002,,0.775,66.895,403.0,23.919999999999998
股票,VLO,181.76,3.4,65.0,1.43,144,✅ 买入,否,24.0,7.0,2.0,7.0,8.0,0.0,37.70954,2.3338768,0.47565085,1.283,5.2389998,3.5860000000000003,-3.2,209.60000000000002,1.596,39.561,249.00000000000003,92.72
股票,WRB,77.0,0.05,62.6,0.91,144,✅ 买入,否,34.0,9.0,7.0,10.0,6.0,2.0,16.17647,2.9850745,1.9968343,13.007,20.887,3.8249999999999997,10.8,40.699999999999996,0.399,31.481,47.0,7.140000000000001
股票,KO,71.16,0.13,62.2,0.79,144,✅ 买入,否,29.0,3.0,11.0,9.0,5.0,1.0,23.562916,9.797605,6.4222245,27.339999999999996,42.442,8.959,5.1,30.099999999999998,1.211,144.771,287.0,66.72
股票,CBL,32.45,0.22,65.7,0.75,144,✅ 买入,否,34.0,10.0,9.0,10.0,3.0,2.0,8.1125,2.8425016,1.7983629,22.569,38.566002,3.235,11.3,361.1,0.225,640.375,524.0,41.25
股票,DOV,183.12,0.63,62.7,0.75,144,✅ 买入,否,29.0,7.0,9.0,2.0,9.0,2.0,23.874836,3.27755,3.1698046,28.370002,15.883,6.9,4.8,-12.6,2.042,40.076,113.99999999999999,26.889999999999997
股票,TDG,1340.6,1.17,60.0,1.05,144,✅ 买入,否,24.0,1.0,8.0,10.0,3.0,2.0,41.841446,,8.549507,23.485,,10.823,11.5,34.0,3.214,,0.0,0.0
股票,AIZ,228.59,0.68,70.3,1.19,143,✅ 买入,否,33.0,11.0,5.0,9.0,6.0,2.0,13.929921,1.9926426,0.91083735,6.753000000000001,15.412999999999998,2.0539999,8.9,102.69999999999999,0.41,38.316,154.0,19.5
股票,SLB,36.94,1.74,58.0,0.72,143,✅ 买入,否,28.0,11.0,7.0,1.0,7.0,2.0,14.373541,2.1526806,1.5656803,10.341000000000001,15.182,6.859999999999999,-2.5,-39.800000000000004,1.387,47.459,309.0,43.97
股票,PH,831.95,-1.19,64.6,1.55,143,✅ 买入,否,28.0,3.0,10.0,7.0,6.0,2.0,29.670115,7.620055,5.304126,18.178,27.294,8.911,3.6999999999999997,17.8,1.066,74.953,87.0,24.440001
股票,SOLV,75.66,0.58,65.5,1.08,143,✅ 买入,否,33.0,10.0,8.0,8.0,5.0,2.0,8.686567,2.6318355,1.5618951,18.139,37.271,3.2079999999999997,0.7000000000000001,931.4,1.5,103.028,0.0,0.0
股票,EPD,32.26,1.57,66.1,1.89,143,✅ 买入,否,23.0,11.0,7.0,1.0,4.0,0.0,12.219696,2.3890986,1.3166692,10.922,19.724000999999998,5.6149997,-12.7,-5.3,0.88,112.97,676.0,81.06
股票,DHR,221.21,0.0,63.5,1.14,143,✅ 买入,否,23.0,3.0,4.0,6.0,8.0,2.0,45.423,3.0592744,6.4385853,14.435,6.843000000000001,4.0570002,4.3999999999999995,13.4,1.519,35.544,57.99999999999999,25.31
股票,SAN,10.75,-1.65,62.0,1.4,143,✅ 买入,否,23.0,10.0,6.0,5.0,0.0,2.0,10.969388,1.5757842,3.2212987,26.841998,13.716000000000001,0.8090001,4.8,6.4,,,238.0,24.740000000000002
股票,HIG,133.85,0.13,69.0,0.83,143,✅ 买入,否,38.0,11.0,7.0,9.0,9.0,2.0,10.953356,2.0660646,1.3360083,12.745000000000001,20.069,3.4819999999999998,7.000000000000001,47.3,1.796,23.675,179.0,17.02
股票,STC,72.91,0.32,56.3,0.63,143,✅ 买入,否,33.0,10.0,2.0,11.0,8.0,2.0,20.252779,1.3865172,0.7306402,3.6470000000000002,8.0419995,3.782,19.3,44.9,1.596,38.539,288.0,56.25
股票,PAAS,38.51,-1.38,58.0,1.09,142,✅ 买入,否,37.0,7.0,7.0,11.0,10.0,2.0,22.260115,2.4563081,4.993557,19.482,11.286999999999999,6.315999999999999,19.3,181.7,2.313,13.316,145.0,24.280001000000002
股票,MPLX,53.21,2.43,70.2,1.05,142,✅ 买入,否,32.0,8.0,11.0,8.0,5.0,0.0,11.273305,3.7874582,4.6525135,41.419998,34.083998,7.074,4.5,50.0,1.312,179.964,809.0,81.06
股票,BBVA,21.19,-1.94,61.8,2.11,142,✅ 买入,否,22.0,10.0,7.0,3.0,0.0,2.0,10.490099,2.1156151,3.9722707,32.908001999999996,18.634,1.396,3.4000000000000004,-4.6,,,393.0,40.300000000000004
股票,AMG,258.31,-0.3,60.6,1.03,142,✅ 买入,否,37.0,9.0,8.0,8.0,8.0,4.0,15.458409,2.1864552,3.5689733,26.007998,16.224000999999998,3.56,2.1999999999999997,81.8,126.466,56.026,2.0,0.23999999000000002
股票,COP,91.37,2.18,56.4,1.12,142,✅ 买入,否,32.0,11.0,8.0,4.0,7.0,2.0,12.905368,1.739089,1.8424866,14.445,15.421000000000001,8.0979995,14.000000000000002,-21.6,1.323,36.169,368.0,44.07
股票,REX,33.23,1.68,58.5,0.7,142,✅ 买入,否,27.0,9.0,5.0,3.0,8.0,2.0,22.452702,2.0127194,1.6899841,7.906000000000001,10.296,5.357,7.000000000000001,-38.6,10.53,3.895,0.0,0.0
股票,NTR,59.37,0.85,58.2,0.94,142,✅ 买入,否,32.0,11.0,3.0,10.0,6.0,2.0,16.002695,1.144835,1.1313994,7.047000000000001,7.317,3.904,12.8,2526.4,1.409,56.375,367.0,58.63
股票,VRTX,437.15,0.61,66.1,0.9,142,✅ 买入,否,32.0,2.0,12.0,6.0,10.0,2.0,30.763546,6.410106,9.460918,31.349,22.307,12.039,11.0,4.7,2.362,10.594,0.0,0.0
股票,SBS,26.83,0.98,77.3,1.3,142,✅ 买入,否,27.0,12.0,10.0,0.0,3.0,2.0,13.482412,0.4293693,0.52878904,20.809999,17.889999,7.542,-37.2,-64.7,1.172,81.775,245.00000000000003,35.0
股票,CTRE,35.88,0.39,55.6,0.53,142,✅ 买入,否,32.0,4.0,6.0,12.0,10.0,0.0,26.382353,2.001004,18.698778,61.00299999999999,8.071,4.447,71.2,67.4,5.14,22.249,373.0,95.22
股票,ACRE,4.93,1.23,59.1,1.22,141,✅ 买入,否,21.0,11.0,0.0,6.0,4.0,0.0,14.499999,0.51960367,3.0905633,,,,77.3,,22.97,155.455,1217.0,2266.6698
股票,DVN,35.84,2.28,67.6,1.06,141,✅ 买入,否,31.0,12.0,9.0,3.0,5.0,2.0,8.45283,1.4686117,1.3581268,16.424999,18.586999000000002,8.022001,7.1,-16.2,0.957,56.274,268.0,22.17
股票,CNA,46.31,0.28,58.2,0.77,141,✅ 买入,否,31.0,12.0,2.0,9.0,6.0,2.0,12.653006,1.1071001,0.8440788,6.7140006,9.031,1.2710000000000001,5.5,42.3,0.377,30.648,397.0,49.730000000000004
股票,REGN,693.5,-0.21,74.2,0.89,141,✅ 买入,否,36.0,8.0,9.0,7.0,10.0,2.0,16.610779,2.3028698,5.1266212,32.131,15.187999999999999,6.157,0.8999999999999999,18.0,4.063,8.739,51.0,6.329999999999999
股票,AMGN,336.74,0.22,76.1,1.27,141,✅ 买入,否,26.0,3.0,10.0,8.0,4.0,1.0,26.043308,18.851255,5.040949,19.474000999999998,81.71000000000001,7.706,12.4,13.600000000000001,1.28,567.491,283.0,72.62000400000001
股票,MPC,199.98,2.78,59.6,0.83,141,✅ 买入,否,26.0,8.0,4.0,7.0,5.0,2.0,21.27447,3.5207126,0.4500227,2.158,18.887,3.866,-0.8,141.2,1.315,143.175,200.0,38.72
股票,KROS,17.26,-0.23,67.9,0.84,141,✅ 买入,否,36.0,11.0,7.0,6.0,10.0,2.0,11.064103,0.99676603,2.1369164,26.123,10.424999999999999,4.3950000000000005,3575.8,,29.857,2.477,0.0,0.0
股票,KYMR,64.94,2.06,64.7,1.61,141,✅ 买入,否,11.0,1.0,0.0,0.0,8.0,2.0,,4.923427,106.83365,,,,-26.1,,7.381,8.877,0.0,0.0
股票,MTG,28.21,0.07,56.8,0.73,140,✅ 买入,否,35.0,10.0,9.0,4.0,10.0,2.0,9.07074,1.2333858,5.188743,61.963004,14.402000000000001,9.2659995,-0.7000000000000001,7.8,4.511,12.484,213.0,17.36
股票,WES,38.69,0.26,52.1,1.62,140,✅ 买入,否,30.0,7.0,11.0,8.0,4.0,0.0,11.446745,4.6502404,4.220203,34.573,40.493,8.225001,7.8,17.599999999999998,1.432,210.296,941.0,105.62
股票,AFYA,14.84,1.3,56.0,1.08,139,✅ 买入,否,39.0,12.0,10.0,10.0,5.0,2.0,9.827815,0.28372592,0.36497077,20.076,16.721000999999998,8.3450004,10.4,29.799999999999997,0.979,62.144,156.0,16.73
股票,PMT,12.46,0.4,56.9,0.61,139,✅ 买入,否,24.0,12.0,5.0,6.0,1.0,0.0,13.543478,0.81045926,1.9201583,21.614,6.396,0.773,-18.9,54.1,1.08,868.491,1284.0,173.91
股票,FTI,43.69,1.23,68.7,1.06,139,✅ 买入,否,34.0,8.0,8.0,9.0,7.0,2.0,19.68018,5.3099174,1.8028647,9.9209994,29.34,8.369,12.7,19.0,1.13,39.689,46.0,9.0100005
股票,MKTX,174.97,0.56,60.9,0.89,139,✅ 买入,否,29.0,3.0,11.0,3.0,10.0,2.0,29.756802,4.715537,7.749536,26.157000000000004,15.823,11.3649994,1.0,-3.2,7.35,4.81,174.0,51.35999999999999
股票,DLTR,104.75,1.55,58.1,1.0,139,✅ 买入,否,29.0,7.0,6.0,10.0,4.0,2.0,20.300388,5.945961,1.1517178,,20.055,5.29,12.3,47.9,1.036,203.675,0.0,0.0
股票,QSR,68.68,-2.46,55.9,2.12,139,✅ 买入,否,24.0,5.0,7.0,8.0,4.0,0.0,24.35461,6.6589103,2.446688,9.9530004,25.245002,5.91,6.9,21.7,1.059,306.718,361.0,86.52
股票,JKHY,164.02,-0.76,62.7,0.76,139,✅ 买入,否,34.0,5.0,11.0,8.0,8.0,2.0,24.927053,5.474816,4.945134,19.865,23.45,12.581000000000001,7.3,20.9,1.494,3.17,141.0,34.8
股票,HTHT,43.8,-2.65,68.7,1.48,139,✅ 买入,否,29.0,9.0,9.0,8.0,3.0,0.0,26.227545,1.1088607,0.57707304,15.482001,30.476,5.3979997,4.5,44.7,0.808,307.24,407.0,96.819997
股票,CDNA,15.94,0.41,55.4,0.69,139,✅ 买入,否,34.0,9.0,7.0,6.0,10.0,2.0,12.44922,2.633014,2.2893398,19.679001,24.111,,20.7,,3.032,8.885,0.0,0.0
股票,FLNG,26.39,1.34,56.1,1.11,138,✅ 买入,否,23.0,9.0,7.0,1.0,6.0,0.0,14.499999,1.9333334,4.066205,28.055000000000003,12.788,4.393,-5.3,-3.1,3.099,253.966,1137.0,164.84
股票,PODD,332.7,0.01,58.6,0.73,138,✅ 买入,否,28.0,1.0,7.0,10.0,8.0,2.0,96.997086,16.908924,9.280836,9.7629994,19.679001,8.741,29.9,14.799999999999999,2.871,77.711,0.0,0.0
股票,BMRN,54.73,0.94,55.4,0.69,138,✅ 买入,否,28.0,8.0,6.0,2.0,10.0,2.0,20.345724,1.7358623,3.398324,16.82,9.074,6.146,4.1000000000000005,,4.828,9.976,0.0,0.0
股票,MATX,106.84,0.23,58.0,0.77,138,✅ 买入,否,28.0,12.0,7.0,0.0,7.0,2.0,8.168196,1.2387103,0.9847394,12.702,16.381999999999998,6.934,-8.5,-28.000000000000004,0.827,26.736,135.0,10.5500005
股票,UPS,95.98,0.01,62.5,0.78,138,✅ 买入,否,23.0,9.0,8.0,1.0,5.0,0.0,14.834622,5.1438985,0.9098886,6.1490003,33.617999999999995,7.276000000000001,-3.6999999999999997,-14.099999999999998,1.305,184.32,683.0,101.24
股票,AFG,142.44,-0.52,61.3,1.1,137,✅ 买入,否,32.0,10.0,5.0,6.0,9.0,2.0,14.9464855,2.5115492,1.49077,9.961,16.91,2.098,-0.8,19.5,2.164,43.319,247.00000000000003,33.580002
股票,QLYS,143.57,0.17,58.7,0.9,137,✅ 买入,否,32.0,2.0,12.0,8.0,8.0,2.0,27.823647,9.738181,7.8834753,28.963,38.638002,13.691999999999998,10.4,12.1,1.382,10.315,0.0,0.0
股票,BKR,48.73,2.57,55.9,1.04,137,✅ 买入,否,27.0,9.0,7.0,2.0,7.0,2.0,16.803448,2.6473625,1.7352492,10.432999599999999,16.89,5.7729997,1.5,-20.8,1.409,33.042,189.0,31.03
股票,JAZZ,141.07,-0.45,60.8,1.04,137,✅ 买入,否,27.0,10.0,1.0,8.0,6.0,2.0,6.543136,2.1643143,2.0710368,,,4.883999800000001,6.7,19.3,1.652,137.129,0.0,0.0
股票,EW,86.3,0.22,73.5,0.62,137,✅ 买入,否,27.0,2.0,9.0,4.0,10.0,2.0,37.85088,4.9106636,8.511488,23.249,13.492,7.715,14.7,-90.3,4.004,6.862,0.0,0.0
股票,CZNC,19.6,0.46,55.1,1.11,137,✅ 买入,否,22.0,11.0,5.0,5.0,0.0,1.0,11.2,1.0356123,3.1826174,24.751,9.5,1.0170000000000001,5.1,2.1,,,571.0,64.0
股票,GILD,125.02,-0.14,62.3,0.96,137,✅ 买入,否,32.0,5.0,12.0,8.0,5.0,2.0,19.35294,7.2086716,5.3402925,27.882,40.706003,12.570999999999998,3.0,143.0,1.453,116.243,252.99999999999997,48.610002
股票,POR,49.43,-2.0,71.4,1.39,137,✅ 买入,否,22.0,11.0,3.0,4.0,3.0,1.0,17.974546,1.385603,1.6160475,8.63,7.994999999999999,2.782,2.5,3.9,1.075,127.165,425.0,74.55000000000001
股票,CNP,39.74,0.4,58.5,1.14,137,✅ 买入,否,22.0,7.0,4.0,9.0,0.0,2.0,25.1519,2.351201,2.8467178,11.366999999999999,9.606,2.9010000000000002,7.1,50.6,0.513,202.111,221.0,55.059999999999995
股票,CINF,163.9,-1.27,59.6,0.87,136,✅ 买入,否,36.0,10.0,6.0,10.0,8.0,2.0,12.194941,1.659646,2.1451013,17.569000000000003,14.529,4.305,12.2,36.7,1.118,5.732,212.0,25.45
股票,OHI,43.97,1.2,65.1,1.06,136,✅ 买入,否,26.0,4.0,7.0,10.0,5.0,0.0,24.427778,2.5802476,11.474056,46.835,11.4879996,4.4479999999999995,12.9,42.4,0.765,95.487,610.0,148.89
股票,ENVA,125.69,-1.6,57.7,0.78,136,✅ 买入,否,36.0,10.0,10.0,11.0,3.0,2.0,11.616451,2.4364665,2.2402039,20.727,23.807000000000002,5.3590003,15.6,93.0,21.734,322.412,0.0,0.0
股票,CVX,157.62,1.31,57.0,1.12,136,✅ 买入,否,21.0,9.0,3.0,1.0,8.0,0.0,22.168776,1.6717577,1.6701633,6.7669999999999995,7.316000000000001,4.047,-1.4000000000000001,-26.6,1.152,21.239,434.0,95.08
股票,DE,476.23,0.6,55.6,1.03,136,✅ 买入,否,21.0,6.0,7.0,0.0,6.0,2.0,24.881401,5.1137695,2.9093554,11.767,21.399,3.7359999999999998,-8.6,-24.5,2.229,266.767,136.0,33.050000000000004
股票,PGR,225.18,0.91,55.6,0.84,136,✅ 买入,否,36.0,10.0,9.0,8.0,7.0,2.0,12.358946,3.7228448,1.5504419,12.579,34.223998,7.6009996,14.2,12.1,0.297,19.455,218.00000000000003,26.889999999999997
股票,NOV,15.72,2.95,65.8,1.14,135,✅ 买入,否,25.0,11.0,2.0,1.0,9.0,2.0,15.878788,0.8925733,0.6534376,4.3649998000000005,6.033,3.9539999999999997,-0.7000000000000001,-66.7,2.545,36.164,191.0,51.519999999999996
股票,ANIK,9.99,-1.09,59.0,1.84,135,✅ 买入,否,20.0,8.0,0.0,0.0,10.0,2.0,,0.9813359,1.2911929,,,,-5.8999999999999995,,5.322,16.694,0.0,0.0
股票,PAA,16.94,2.29,57.4,1.16,135,✅ 买入,否,25.0,10.0,3.0,6.0,6.0,0.0,16.446604,1.5463259,0.25472924,2.406,10.083,3.848,-7.000000000000001,145.79999999999998,1.041,74.194,897.0000000000001,141.5
股票,CMI,462.61,-1.04,59.4,1.22,135,✅ 买入,否,25.0,7.0,8.0,1.0,7.0,2.0,23.981853,5.293202,1.9216393,7.9450004000000005,22.767,7.9050004,-1.6,-34.1,1.769,62.949,173.0,38.669997
股票,AFBI,19.36,0.47,57.8,0.13,135,✅ 买入,否,25.0,10.0,5.0,8.0,0.0,2.0,16.54701,0.95619106,3.7567573,23.742001,5.947,0.8370000000000001,4.6,30.8,,,0.0,0.0
股票,NMR,7.39,0.96,61.2,0.94,135,✅ 买入,否,25.0,12.0,5.0,4.0,2.0,2.0,9.4743595,0.006220266,0.011020065,18.563,10.889,0.64700004,6.6000000000000005,-5.5,1.538,937.119,529.0,29.389998000000002
股票,TRGP,173.1,2.0,64.7,1.1,135,✅ 买入,否,25.0,5.0,8.0,9.0,1.0,2.0,23.297443,13.739186,2.1381738,9.949,49.85,8.448,7.8,25.7,0.773,615.121,231.0,47.169998
股票,PFG,84.47,-0.18,60.5,0.82,135,✅ 买入,否,30.0,11.0,3.0,6.0,8.0,2.0,12.385631,1.5967562,1.1765538,9.9580005,13.767,0.368,22.2,,1.557,34.137,374.0,44.28
股票,DG,104.3,0.11,56.3,0.92,135,✅ 买入,否,25.0,9.0,4.0,6.0,4.0,2.0,19.314816,2.865306,0.5511682,2.86,15.597999000000002,3.971,5.1,9.4,1.253,213.026,225.99999999999997,43.7
股票,TRV,287.29,-0.05,68.0,1.08,134,✅ 买入,否,34.0,11.0,6.0,8.0,7.0,2.0,11.310631,2.026823,1.324537,12.1350005,19.808999999999997,3.4560002,4.8,52.0,0.338,29.318,153.0,16.919999999999998
股票,ESNT,61.42,0.36,52.0,1.25,134,✅ 买入,否,34.0,10.0,9.0,3.0,10.0,2.0,8.927325,1.0434399,4.6987715,55.627996,12.353,7.468,-1.5,1.2,2.606,8.625,202.0,17.59
股票,POST,106.7,0.34,52.0,0.93,134,✅ 买入,否,29.0,11.0,2.0,7.0,7.0,2.0,18.146257,1.4503587,0.7317019,4.6240002,9.2,4.137,1.9,16.8,2.595,183.459,0.0,0.0
股票,FDX,267.56,0.08,68.7,0.96,134,✅ 买入,否,24.0,10.0,4.0,4.0,4.0,2.0,15.674282,2.2737393,0.7126259,4.6529997,15.004000000000001,4.883999800000001,13.900000000000002,-13.3,1.246,,217.0,32.770002
股票,HST,17.59,0.11,59.4,0.67,134,✅ 买入,否,29.0,9.0,5.0,8.0,6.0,1.0,16.594341,1.8160231,2.0569494,12.403,10.9239995,3.9189997999999995,0.8999999999999999,96.6,1.021,82.827,455.0,75.47
股票,ABBV,232.36,0.03,60.5,0.97,134,✅ 买入,否,14.0,1.0,7.0,3.0,3.0,0.0,176.0303,,6.8853445,4.004,137.961,9.585,9.1,-88.7,0.725,,298.0,490.14996999999994
股票,CF,85.04,0.84,50.6,0.85,134,✅ 买入,否,44.0,10.0,11.0,12.0,9.0,2.0,10.28295,2.7654386,1.9691336,20.472,21.967,9.5649995,21.099999999999998,41.6,2.273,44.133,235.0,24.180001
股票,CB,295.49,-0.25,68.1,0.71,133,✅ 买入,否,33.0,11.0,6.0,8.0,6.0,2.0,12.348098,1.6215844,1.9811975,16.442,13.639999999999999,2.9679998999999997,9.1,22.6,0.38,30.958,131.0,15.709999999999999
股票,JOE,57.17,-2.26,59.4,1.05,133,✅ 买入,否,33.0,3.0,8.0,12.0,8.0,2.0,31.76111,4.344555,6.9113026,21.406999,13.963999999999999,5.3790003,62.7,131.9,2.311,75.381,112.00000000000001,31.11
股票,AEO,17.56,0.11,58.3,1.05,133,✅ 买入,否,28.0,10.0,4.0,6.0,6.0,2.0,17.215687,1.9250164,0.5645698,3.742,12.1709995,5.0329998,-0.6,15.4,1.623,129.318,285.0,49.02
股票,BSX,102.69,-2.18,57.0,1.18,133,✅ 买入,否,28.0,1.0,6.0,12.0,7.0,2.0,54.91444,6.50678,8.043142,14.430000000000001,12.488000000000001,5.756,20.3,60.0,1.508,50.973,0.0,0.0
股票,AKAM,87.17,-1.69,67.0,1.26,133,✅ 买入,否,28.0,6.0,5.0,8.0,7.0,2.0,25.56305,2.648417,3.0863554,12.262998999999999,10.642,3.785,5.0,155.29999999999998,2.281,110.548,0.0,0.0
股票,EOG,110.4,1.06,59.5,0.88,133,✅ 买入,否,33.0,10.0,10.0,2.0,9.0,2.0,10.963258,1.9822958,2.6442513,24.410999,18.476999,9.086,-2.4,-8.5,1.624,26.835,370.0,38.080000000000005
股票,CTSH,72.62,-1.28,57.4,0.6,133,✅ 买入,否,33.0,10.0,8.0,3.0,10.0,2.0,16.810184,2.354505,1.7022332,10.203,14.501000999999999,10.1560004,7.3999999999999995,-52.1,2.358,7.854,171.0,28.470000000000002
股票,KMI,27.42,1.97,59.4,1.1,133,✅ 买入,否,23.0,8.0,5.0,6.0,4.0,0.0,22.475409,1.9845117,3.7160654,16.612,8.884,3.926,12.1,0.3,0.631,102.138,426.99999999999994,95.08
股票,E,38.22,0.37,70.2,0.75,133,✅ 买入,否,23.0,9.0,1.0,7.0,6.0,0.0,20.010471,2.3371859,0.6580053,3.175,5.466,1.957,-2.1999999999999997,50.0,1.207,65.468,597.0,121.93
股票,ACGL,92.52,-0.26,65.6,0.67,133,✅ 买入,否,38.0,12.0,8.0,9.0,7.0,2.0,8.67104,1.4784985,1.7211882,20.959,17.811,3.8989999999999996,8.200000000000001,39.1,0.564,11.501,0.0,0.0
股票,UHS,225.04,-1.11,60.5,0.79,132,✅ 买入,否,37.0,11.0,8.0,10.0,6.0,2.0,10.705994,1.961184,0.83678895,8.093,20.028000000000002,8.218,13.4,54.2,1.031,70.037,36.0,3.81
股票,AU,79.39,-1.62,60.8,0.73,132,✅ 买入,否,42.0,6.0,12.0,12.0,10.0,2.0,17.410088,5.2123957,4.7515354,26.251,38.714999999999996,18.155001000000002,62.1,147.2,2.581,24.231,318.0,35.419998
股票,PAGP,17.86,2.0,56.5,0.66,132,✅ 买入,否,22.0,8.0,2.0,6.0,6.0,0.0,23.500002,2.62763,0.08700734,0.39899999999999997,8.799,3.1770001999999997,-7.000000000000001,150.2,1.041,68.125,852.0,191.78
股票,CHRW,152.8,0.75,67.5,0.75,132,✅ 买入,否,27.0,5.0,7.0,6.0,7.0,2.0,30.993916,9.743655,1.0937047,3.636,34.318,9.5790006,-10.9,67.5,1.585,80.904,165.0,50.200003
股票,MESA,1.6,3.23,61.6,1.57,132,✅ 买入,否,7.0,4.0,0.0,0.0,1.0,2.0,,,0.16503525,,,0.63300002,-16.3,,0.764,,0.0,0.0
股票,FOXA,64.84,-0.92,58.7,0.77,131,✅ 买入,否,31.0,11.0,8.0,2.0,8.0,2.0,14.570786,2.3621988,1.6706743,12.353,17.272000000000002,8.7299995,4.9,-25.8,3.238,60.136,86.0,12.36
股票,FOX,58.46,-0.83,59.2,0.72,131,✅ 买入,否,31.0,11.0,8.0,2.0,8.0,2.0,13.137079,2.129768,1.670103,12.353,17.272000000000002,8.7299995,4.9,-25.8,3.238,60.136,96.0,12.36
股票,VRE,15.13,1.41,55.5,0.69,131,✅ 买入,否,21.0,8.0,4.0,3.0,4.0,2.0,24.015873,1.2209489,5.6657996,21.621999,4.774,1.123,8.5,,0.944,112.357,212.0,50.79
股票,PSX,142.32,2.02,64.1,1.09,131,✅ 买入,否,16.0,7.0,2.0,1.0,6.0,0.0,38.361187,2.1303797,0.434577,1.1410000999999999,5.6199998,2.456,-2.9000000000000004,-61.0,1.227,77.483,337.0,126.67999999999999
股票,WAFD,30.57,-0.36,59.5,1.2,131,✅ 买入,否,21.0,11.0,5.0,3.0,0.0,2.0,11.623573,0.8724564,3.3410497,31.497999999999998,7.486,0.826,-1.7999999999999998,1.7000000000000002,,,353.0,40.68
股票,FNF,58.26,-0.56,57.8,0.74,131,✅ 买入,否,31.0,11.0,3.0,10.0,5.0,2.0,13.644028,1.8897177,1.1298058,8.314,13.961000000000002,1.159,11.799999999999999,37.1,0.988,51.178,357.0,46.839999999999996
股票,ET,17.01,2.29,55.1,1.05,131,✅ 买入,否,21.0,11.0,4.0,1.0,5.0,0.0,13.608,1.8663594,0.73224807,5.74,12.623999999999999,4.552,-3.9,-12.7,1.405,135.699,782.0,104.4
股票,CLLS,3.9,9.24,58.9,2.85,131,✅ 买入,否,16.0,4.0,0.0,6.0,4.0,2.0,,2.8077753,4.5627112,,,,105.89999999999999,,1.489,88.428,0.0,0.0
股票,USAC,23.83,1.36,55.8,0.43,131,✅ 买入,否,21.0,4.0,5.0,8.0,4.0,0.0,29.419752,,2.9486375,10.993,,7.435,4.3,103.69999999999999,1.361,,881.0,259.26
股票,NWE,65.11,-0.15,64.9,1.25,131,✅ 买入,否,21.0,10.0,4.0,4.0,2.0,1.0,18.44476,1.3881545,2.5509312,13.821,7.617,2.7640000000000002,12.1,-18.4,0.648,114.652,405.0,74.5
股票,BKH,69.94,-0.51,67.3,1.44,131,✅ 买入,否,21.0,10.0,4.0,4.0,2.0,1.0,17.661617,1.4009014,2.3357015,12.533,7.915,3.276,7.1,-1.7999999999999998,0.909,113.708,387.0,67.63
股票,SWX,81.3,-0.16,56.3,1.05,131,✅ 买入,否,26.0,9.0,3.0,6.0,7.0,1.0,25.646688,1.4937165,1.2640718,9.977,6.2280003,3.154,-11.799999999999999,93077.59999999999,1.545,89.27,305.0,78.230006
股票,AFL,114.34,-0.58,65.7,0.96,131,✅ 买入,否,31.0,9.0,8.0,6.0,6.0,2.0,15.005249,2.0952904,3.4053638,23.552,15.58,2.645,60.699999999999996,,1.089,50.003,213.0,29.43
股票,AEM,168.11,-0.45,54.2,0.87,130,✅ 买入,否,40.0,5.0,11.0,12.0,10.0,2.0,24.577484,3.5903294,8.217306,32.625,15.667,10.6300004,41.9,85.8,2.12,1.427,95.0,23.39
股票,MLI,106.92,-0.21,59.0,0.65,130,✅ 买入,否,40.0,8.0,11.0,9.0,10.0,2.0,15.982062,3.8663485,2.8734248,18.096,26.139998,16.195999,8.0,27.0,4.825,0.935,94.0,14.2
股票,IMAX,35.0,-0.31,63.2,0.71,130,✅ 买入,否,30.0,3.0,6.0,11.0,8.0,2.0,49.295776,5.3871017,5.0013123,10.471,12.397,5.568,16.6,42.3,3.942,58.9,0.0,0.0
股票,MU,246.83,4.17,64.7,1.54,130,✅ 买入,否,35.0,3.0,10.0,12.0,8.0,2.0,32.563324,5.1129985,7.412336,22.845,17.198999,8.055,46.0,256.9,2.518,28.343,19.0,6.0599998
股票,ACNB,47.32,-1.17,60.7,1.07,130,✅ 买入,否,30.0,11.0,5.0,12.0,0.0,2.0,14.210211,1.206958,3.6456861,24.028,9.1809995,1.158,49.3,69.0,,,322.0,39.64
股票,GS,790.91,-1.81,50.7,1.32,130,✅ 买入,否,30.0,8.0,6.0,12.0,2.0,2.0,16.078674,2.2726057,4.2135515,29.073998,13.532,0.9430001,20.7,45.800000000000004,1.657,586.142,202.0,26.41
股票,RHHBY,44.95,-1.25,63.6,1.15,130,✅ 买入,否,30.0,8.0,10.0,7.0,5.0,0.0,24.297297,1.2481604,4.582835,14.852001000000001,31.317,13.303,3.5999999999999996,18.3,1.294,104.809,309.0,83.39
股票,VALE,12.3,-0.65,64.9,0.73,130,✅ 买入,否,30.0,12.0,7.0,6.0,4.0,1.0,9.534884,0.24071392,0.24821651,14.149999999999999,13.274999000000001,7.5840004,7.000000000000001,9.1,1.237,50.201,961.0,62.839999999999996
股票,ROST,160.58,-0.77,56.6,1.43,130,✅ 买入,否,25.0,4.0,9.0,3.0,7.0,2.0,25.529411,9.118682,2.4483786,9.596,37.979,11.054,4.6,-1.9,1.577,88.407,101.0,24.520001
股票,LVS,65.38,-0.34,70.5,1.19,130,✅ 买入,否,30.0,4.0,9.0,12.0,3.0,2.0,29.450449,28.217522,3.6166358,12.687999,65.65100000000001,8.146,24.2,61.9,0.889,847.509,153.0,42.790002
股票,CBOE,258.35,-0.62,66.8,0.92,129,✅ 买入,否,34.0,4.0,11.0,9.0,8.0,2.0,27.77957,5.5338974,5.890871,21.287,21.621001,9.729000000000001,8.1,37.7,1.718,32.645,111.00000000000001,28.059998000000004
股票,BP,36.53,0.11,61.3,0.98,129,✅ 买入,否,19.0,4.0,1.0,8.0,6.0,0.0,58.919353,9.733546,0.50216633,0.8160000000000001,3.5540000000000003,2.621,2.5,500.0,1.193,96.358,547.0,315.01
股票,AXS,102.21,-0.47,69.8,0.91,129,✅ 买入,否,34.0,12.0,7.0,8.0,5.0,2.0,8.461093,1.3535776,1.255513,16.075999999999997,16.272000000000002,2.323,3.9,83.3,0.703,23.428,172.0,14.57
股票,THG,181.31,-0.5,61.4,1.03,129,✅ 买入,否,34.0,11.0,6.0,9.0,6.0,2.0,10.480347,1.8891377,0.9965522,9.711,20.019000000000002,3.2460000000000004,6.4,75.1,0.399,37.352,199.0,20.82
股票,HVT,22.56,-1.7,57.0,1.02,129,✅ 买入,否,24.0,11.0,1.0,5.0,7.0,0.0,19.282051,1.1991708,0.50343686,2.616,6.319,1.899,10.6,-3.4000000000000004,1.75,69.224,585.0,109.4
股票,WMB,60.99,2.35,55.2,0.91,129,✅ 买入,否,19.0,3.0,8.0,4.0,4.0,0.0,31.601038,5.969463,6.430853,20.462999,16.902,4.537,8.3,-8.5,0.422,188.338,328.0,102.33000000000001
股票,COLB,26.93,0.22,55.8,0.56,129,✅ 买入,否,19.0,10.0,5.0,3.0,0.0,1.0,12.18552,1.0341384,4.203268,24.976999,7.327999999999999,0.8019999999999999,9.6,-42.9,,,550.0,65.16000600000001
股票,CIEN,191.71,-1.29,57.4,2.12,129,✅ 买入,否,24.0,1.0,1.0,12.0,8.0,2.0,195.62245,9.721603,6.031852,3.102,4.962,2.8049999999999997,29.4,255.20000000000002,3.281,56.945,0.0,0.0
股票,BR,226.06,0.2,47.2,1.75,129,✅ 买入,否,29.0,4.0,9.0,10.0,4.0,2.0,28.907927,10.011515,3.7399273,13.112001000000001,38.214999999999996,9.519,11.700000000000001,105.89999999999999,0.927,132.063,173.0,46.23
股票,FLS,67.16,-1.24,62.7,0.74,129,✅ 买入,否,34.0,9.0,7.0,8.0,8.0,2.0,19.523256,3.7960663,1.8440552,9.659999599999999,21.447,6.625,3.5999999999999996,279.5,2.103,71.895,125.0,24.42
股票,MLCO,9.06,0.67,62.2,0.95,129,✅ 买入,否,19.0,5.0,1.0,10.0,1.0,2.0,34.846157,,0.6993415,2.0580001,,4.304,11.4,200.0,1.083,,0.0,0.0
股票,RAMP,29.66,-0.8,58.8,0.94,129,✅ 买入,否,29.0,6.0,2.0,9.0,10.0,2.0,51.13793,2.0153563,2.4436724,5.1499999999999995,4.0960003,2.0350002,7.7,1507.6000000000001,2.728,3.532,0.0,0.0
股票,HL,14.6,-1.62,59.1,0.77,129,✅ 买入,否,34.0,3.0,7.0,12.0,10.0,2.0,47.096775,3.9945283,8.120665,16.268998,8.878,7.632999999999999,67.10000000000001,5684.8,2.153,11.711,10.0,8.06
股票,IDXX,689.93,-1.65,57.0,0.83,129,✅ 买入,否,29.0,0.0,12.0,9.0,6.0,2.0,54.626286,35.353832,13.440985,24.654,64.63300600000001,24.065,13.3,21.4,1.18,71.29,0.0,0.0
股票,DQ,33.52,5.67,59.2,1.05,129,✅ 买入,否,19.0,7.0,0.0,6.0,4.0,2.0,,0.5200205,3.5172453,,,,23.200000000000003,,5.653,,0.0,0.0
股票,NEM,87.8,-2.14,53.7,0.79,128,✅ 买入,否,43.0,8.0,12.0,11.0,10.0,2.0,13.654744,2.888253,4.5532303,33.423,22.875999,10.552,20.0,108.1,2.039,16.914,113.99999999999999,15.55
股票,ADMA,15.56,-0.89,52.5,0.71,128,✅ 买入,否,33.0,4.0,12.0,5.0,10.0,2.0,18.093023,8.601438,7.6456776,42.870000000000005,63.174,21.761999000000003,12.0,-0.0,7.128,19.278,0.0,0.0
股票,NWN,47.98,-0.58,64.6,1.01,128,✅ 买入,否,23.0,11.0,3.0,6.0,2.0,1.0,19.115538,1.3886317,1.5821486,7.9399999999999995,7.202999999999999,2.8870001,20.3,,0.586,175.593,411.00000000000006,78.08999399999999
股票,SF,120.8,-1.02,58.2,0.78,128,✅ 买入,否,28.0,8.0,4.0,11.0,3.0,2.0,21.380531,2.4284825,2.34772,12.533,11.728,1.646,16.5,37.3,0.878,40.896,152.0,31.86
股票,VCEL,39.86,0.05,65.1,0.66,128,✅ 买入,否,18.0,1.0,1.0,5.0,9.0,2.0,153.3077,6.260405,7.7918367,5.056,4.516,1.053,16.6,,4.87,30.655,0.0,0.0
股票,DB,36.93,-2.56,56.1,1.16,128,✅ 买入,否,23.0,11.0,4.0,6.0,0.0,2.0,12.64726,0.91205454,2.4935143,19.195999,7.5969999999999995,0.426,8.9,9.9,,,210.0,27.089999999999996
股票,FAF,63.72,-0.45,55.4,0.67,128,✅ 买入,否,28.0,12.0,3.0,6.0,5.0,2.0,13.703226,1.2248429,0.92028594,6.805,9.2889994,2.91,40.699999999999996,,0.456,53.431,345.0,46.67
股票,DOCN,45.84,1.44,56.6,0.59,128,✅ 买入,否,28.0,5.0,6.0,11.0,4.0,2.0,18.336,,4.85438,29.153000000000002,,5.8720004,15.7,353.7,1.131,,0.0,0.0
股票,ZEUS,33.98,0.21,56.3,0.7,128,✅ 买入,否,23.0,9.0,1.0,2.0,9.0,2.0,29.042736,0.6570119,0.20038053,0.72600003,2.399,2.1189999,4.3999999999999995,-21.7,3.122,49.212,188.0,53.849999999999994
股票,MT,39.47,-1.08,55.6,0.93,128,✅ 买入,否,28.0,12.0,0.0,8.0,6.0,2.0,11.608824,0.55008924,0.5010804,4.231,4.721,1.94,3.0,32.800000000000004,1.386,26.232,139.0,15.439998999999998
股票,BMY,46.65,-4.07,53.8,1.21,128,✅ 买入,否,28.0,7.0,9.0,8.0,4.0,0.0,15.707071,5.119622,2.0610125,12.572,33.777002,9.39,2.8000000000000003,80.9,1.266,274.414,532.0,83.5
股票,PCG,16.49,-0.96,55.6,1.0,128,✅ 买入,否,28.0,12.0,4.0,9.0,1.0,2.0,13.857142,1.1922493,1.4778777,10.491999999999999,8.76,2.394,5.2,37.8,0.941,185.52,61.0,8.4
股票,FOLD,9.48,1.07,68.7,0.55,127,✅ 买入,否,17.0,2.0,1.0,5.0,7.0,2.0,59.25,12.6907625,4.885382,,,2.606,19.5,,2.986,192.177,0.0,0.0
股票,ILMN,120.67,0.62,64.3,0.54,127,✅ 买入,否,22.0,3.0,10.0,2.0,5.0,2.0,27.056053,7.7541447,4.2999945,16.395001,31.202999999999996,9.146,0.4,-77.8,1.425,108.19,0.0,0.0
股票,ROK,377.13,-0.67,58.3,0.99,127,✅ 买入,否,22.0,2.0,9.0,4.0,6.0,1.0,49.233685,11.600788,5.1101837,10.4169995,20.282,7.9169996000000005,13.8,-41.199999999999996,1.135,98.275,146.0,68.32000000000001
股票,WM,209.17,2.28,52.9,1.57,127,✅ 买入,否,22.0,4.0,9.0,4.0,3.0,2.0,32.888363,8.8526325,3.4000847,10.345,29.328,7.051,14.899999999999999,-20.7,0.843,245.399,158.0,50.79
股票,CYTK,66.44,1.4,66.8,1.16,127,✅ 买入,否,12.0,0.0,0.0,6.0,4.0,2.0,,,93.14515,,,,318.1,,6.876,,0.0,0.0
股票,ARVN,10.57,4.45,59.3,1.07,127,✅ 买入,否,17.0,7.0,0.0,0.0,8.0,2.0,,1.3258905,2.1737137,,,,-59.099999999999994,,5.703,1.648,0.0,0.0
股票,TJX,146.08,-0.22,58.6,1.07,127,✅ 买入,否,27.0,4.0,9.0,7.0,5.0,2.0,33.2,18.335634,2.8128483,8.587,59.755002999999995,12.76,6.9,14.6,1.174,147.992,115.99999999999999,35.31
股票,SHO,9.49,0.64,55.3,0.77,127,✅ 买入,否,17.0,8.0,0.0,2.0,7.0,0.0,474.5,1.0738938,1.921445,1.939,0.8909999,1.4090000999999999,1.3,,1.48,47.298,379.0,1800.0
股票,ELS,62.12,0.73,53.6,0.55,127,✅ 买入,否,22.0,2.0,10.0,6.0,4.0,0.0,31.06,6.8671236,8.041703,24.871999,24.115999,5.8569998,0.5,12.9,0.471,182.383,332.0,101.13000000000001
股票,RAVE,2.96,-1.99,55.9,0.75,127,✅ 买入,否,42.0,9.0,12.0,9.0,10.0,2.0,14.8,2.835249,3.4532042,23.119,20.051001,12.8,5.3,25.900000000000002,7.573,3.269,0.0,0.0
股票,SEB,4120.22,2.63,76.1,2.53,127,✅ 买入,否,27.0,12.0,2.0,4.0,7.0,2.0,10.050299,0.7973675,0.40201354,4.044,8.430000399999999,2.299,14.499999999999998,,2.441,38.383,22.0,2.19
股票,CERS,1.62,1.25,55.2,0.83,127,✅ 买入,否,17.0,5.0,0.0,4.0,6.0,2.0,,5.0625,1.562228,,,,14.499999999999998,,1.89,157.845,0.0,0.0
股票,NLY,21.65,-0.6,55.8,0.88,127,✅ 买入,否,27.0,9.0,6.0,12.0,0.0,0.0,9.579646,1.1248506,8.50969,85.565,10.943999999999999,1.3250001,297.90000000000003,2393.7999999999997,0.454,715.168,1293.0,121.68
股票,GOOGL,276.41,-0.78,55.8,0.92,126,✅ 买入,否,36.0,2.0,12.0,11.0,9.0,2.0,27.313242,8.628914,8.728113,32.233003,35.449999999999996,16.275999,15.9,35.3,1.747,11.424,30.0,8.09
股票,WELL,193.82,1.44,74.6,0.9,126,✅ 买入,否,16.0,2.0,2.0,6.0,6.0,0.0,133.66896,3.421178,13.426128,9.693,2.75,2.001,30.599999999999998,-43.7,6.991,46.211,153.0,189.66
股票,AMCR,8.48,-1.17,60.5,0.79,126,✅ 买入,否,21.0,8.0,2.0,6.0,5.0,0.0,28.266665,1.6679778,1.1381948,3.345,7.467,3.543,71.3,-14.399999999999999,1.042,134.68,613.0,169.44001
股票,NUE,147.78,1.35,56.7,0.71,126,✅ 买入,否,31.0,9.0,3.0,10.0,7.0,2.0,20.75562,1.6283401,1.0607764,5.185,9.014,4.5539998,14.499999999999998,150.5,2.774,31.248,149.0,30.9
股票,HALO,70.03,-1.63,58.0,0.74,126,✅ 买入,否,36.0,5.0,12.0,12.0,5.0,2.0,14.774262,16.331623,6.7330184,47.912997000000004,124.49900000000001,21.242,22.1,36.199999999999996,1.587,305.38,0.0,0.0
股票,CRS,330.5,1.78,67.8,0.97,126,✅ 买入,否,31.0,2.0,10.0,8.0,9.0,2.0,40.30488,8.602066,5.690973,14.299000000000001,23.166999,10.299,2.1999999999999997,45.5,4.437,36.846,24.0,9.7799994
股票,PRU,107.16,-0.64,62.6,0.89,126,✅ 买入,否,21.0,12.0,1.0,6.0,1.0,1.0,14.679452,1.1683639,0.6552145,4.537999999999999,8.5,0.26699998,-8.3,223.4,0.841,148.723,504.0,73.29
股票,AXSM,139.69,1.67,64.2,0.74,126,✅ 买入,否,11.0,0.0,0.0,6.0,3.0,2.0,,95.2865,12.546956,,,,63.2,,1.569,296.494,0.0,0.0
股票,LTC,36.07,0.7,57.2,1.13,126,✅ 买入,否,21.0,4.0,3.0,6.0,8.0,0.0,50.09722,1.7824669,7.566265,14.917,3.816,3.6229998,33.1,,21.931,90.617,632.0,316.67001
股票,GOOG,276.98,-0.77,55.9,0.83,126,✅ 买入,否,36.0,2.0,12.0,11.0,9.0,2.0,27.315582,8.6467085,8.728113,32.233003,35.449999999999996,16.275999,15.9,35.3,1.747,11.424,30.0,8.09
股票,NJR,46.62,0.0,58.1,1.15,126,✅ 买入,否,26.0,10.0,7.0,6.0,1.0,2.0,11.370731,2.1072137,2.233012,19.639999,18.030001000000002,4.966,23.0,,0.761,,408.0,43.9
股票,PTCT,75.3,0.47,77.2,0.82,126,✅ 买入,否,26.0,7.0,8.0,3.0,6.0,2.0,8.755814,,3.3980887,42.251998,,25.698999999999998,7.199999999999999,,2.318,,0.0,0.0
股票,MGIC,23.99,0.38,73.7,1.19,125,✅ 买入,否,20.0,5.0,1.0,8.0,5.0,1.0,30.367088,4.224335,2.0844433,6.578,,,11.3,11.1,1.608,32.408,247.00000000000003,71.269995
股票,H,152.3,0.12,57.7,0.51,125,✅ 买入,否,15.0,3.0,1.0,5.0,4.0,2.0,38.55696,4.1654134,4.3263636,,,2.199,15.9,,0.686,165.441,39.0,13.639999999999999
股票,CNI,96.15,-0.48,53.1,0.79,125,✅ 买入,否,30.0,8.0,11.0,5.0,4.0,2.0,18.349237,2.791893,3.5007246,26.851999999999997,22.676,7.771,1.3,6.4,0.602,101.641,265.0,47.660000000000004
股票,LPLA,370.59,-0.5,62.9,0.45,125,✅ 买入,否,25.0,6.0,7.0,6.0,4.0,2.0,34.473488,5.881634,1.9658897,5.494000000000001,21.32,5.558,46.2,,2.546,152.827,32.0,11.18
股票,AUPH,15.35,0.85,71.0,0.8,125,✅ 买入,否,35.0,3.0,11.0,9.0,10.0,2.0,27.410715,5.533526,7.6135883,29.283002000000003,20.653,9.413999,8.4,130.0,5.756,21.383,0.0,0.0
股票,ARR,16.69,0.85,60.5,1.23,125,✅ 买入,否,20.0,4.0,4.0,11.0,1.0,0.0,87.84211,0.8773129,15.989843,55.259997000000006,3.746,0.39399997000000003,126.1,23.1,1.128,781.244,1726.0000000000002,1515.7901000000002
股票,UGI,34.84,-0.34,68.6,0.89,125,✅ 买入,否,20.0,10.0,3.0,2.0,4.0,1.0,18.433863,1.5362908,1.0247887,5.701000199999999,8.732,4.334,1.0,,0.705,142.383,430.99999999999994,79.37000400000001
股票,EPAM,179.02,-0.8,68.5,1.1,125,✅ 买入,否,30.0,7.0,6.0,5.0,10.0,2.0,27.331297,2.6526198,1.8818234,7.014999500000001,10.206999999999999,7.743,19.400000000000002,-19.400000000000002,3.022,4.165,0.0,0.0
股票,A,146.82,-0.05,57.0,0.86,125,✅ 买入,否,30.0,2.0,9.0,9.0,8.0,2.0,34.223778,6.5363727,6.1348524,17.973,19.881001,8.354000000000001,10.100000000000001,21.6,2.248,56.421,68.0,22.900000000000002
股票,CTVA,66.0,-0.3,58.6,0.67,125,✅ 买入,否,25.0,7.0,3.0,4.0,9.0,2.0,26.720648,1.771099,2.5607338,9.187999,6.705,3.805,12.6,,1.578,17.175,109.00000000000001,27.939999999999998
股票,IRT,16.56,0.61,55.4,0.85,124,✅ 买入,否,14.0,5.0,0.0,4.0,5.0,0.0,183.99998,1.1341689,6.084557,3.3619999999999997,0.636,1.39,11.0,-41.0,0.956,63.603,411.00000000000006,733.33
股票,AKR,20.17,0.6,57.9,0.69,124,✅ 买入,否,14.0,5.0,0.0,1.0,8.0,0.0,155.15385,1.1767107,7.2826567,4.5479998,,0.984,-2.4,-57.099999999999994,2.634,72.201,397.0,607.69
股票,EXPD,138.42,-0.01,68.4,0.67,124,✅ 买入,否,29.0,6.0,9.0,3.0,9.0,2.0,22.507317,8.134696,1.6613768,7.571,36.505002,13.852999999999998,-3.5000000000000004,0.6,1.794,24.549,111.00000000000001,24.430001
股票,JCI,118.72,-1.23,58.6,0.72,124,✅ 买入,否,24.0,4.0,5.0,8.0,5.0,2.0,44.969696,5.7931976,3.3334944,13.947000000000001,11.373999999999999,4.3839999999999995,3.1,182.6,0.929,76.27,135.0,57.410000000000004
股票,IHG,128.92,-0.66,58.5,0.78,124,✅ 买入,否,24.0,4.0,6.0,9.0,3.0,2.0,27.31356,,3.7993217,14.648,,14.951999999999998,8.5,41.3,0.792,,134.0,35.5
股票,XPEV,25.01,-5.19,55.2,1.75,124,✅ 买入,否,19.0,8.0,0.0,6.0,3.0,2.0,,0.7842092,0.43079266,,,,125.29999999999998,,1.142,55.858,0.0,0.0
股票,SKT,33.93,0.33,54.2,0.54,124,✅ 买入,否,24.0,2.0,7.0,10.0,5.0,0.0,36.095745,5.5504665,6.7908382,18.743000000000002,16.951999,4.567,10.4,27.3,1.723,232.926,345.0,120.74000000000001
股票,MDT,95.87,-0.28,60.8,1.05,124,✅ 买入,否,24.0,6.0,4.0,5.0,8.0,1.0,26.483427,2.5659761,3.605576,13.626,9.741,4.5689996,8.4,1.3,2.014,59.437,296.0,77.620006
股票,UMH,15.11,-0.46,58.2,1.15,124,✅ 买入,否,19.0,5.0,2.0,4.0,8.0,0.0,188.875,2.135689,5.048548,10.4899995,2.9899999999999998,1.8319999999999999,10.299999999999999,-54.2,10.846,72.898,596.0,1100.0
股票,IFF,65.88,-2.3,57.8,0.88,124,✅ 买入,否,19.0,12.0,0.0,0.0,7.0,0.0,14.290671,1.1856598,1.5596621,,,1.752,-7.9,-31.0,1.444,46.872,243.00000000000003,168.41999
股票,CGEM,8.55,3.39,59.7,1.18,124,✅ 买入,否,14.0,4.0,0.0,0.0,8.0,2.0,,1.11911,,,,,,,10.448,0.263,0.0,0.0
股票,HSIC,71.43,-2.6,61.7,0.84,124,✅ 买入,否,24.0,8.0,2.0,6.0,6.0,2.0,22.533123,2.5198433,0.6674251,3.0220000000000002,8.347999,4.2329997,5.2,7.7,1.396,70.224,0.0,0.0
股票,MITT,7.78,-0.13,61.7,0.48,124,✅ 买入,否,29.0,11.0,5.0,10.0,3.0,0.0,8.365592,0.72744274,2.8204255,56.645,9.031,0.6230000400000001,16.0,17.5,9.757,1494.085,1080.0,87.1
股票,AAPL,272.41,-0.2,64.8,0.93,123,✅ 买入,否,28.0,1.0,12.0,9.0,4.0,2.0,36.516087,54.580242,9.691455,26.915001999999998,171.42199,22.964000000000002,7.9,91.2,0.893,152.411,38.0,13.669999999999998
股票,MCD,307.03,-0.18,55.1,1.02,123,✅ 买入,否,18.0,2.0,8.0,4.0,3.0,1.0,26.174767,,8.340101,32.04,,12.968999,3.0,1.6,1.0,,242.0,60.41
股票,RHP,94.63,0.83,63.4,0.6,123,✅ 买入,否,18.0,4.0,7.0,3.0,4.0,0.0,25.034391,7.769932,2.3974204,9.585,22.931999,5.099,7.7,-43.3,1.448,341.619,486.00000000000006,121.69000000000001
股票,WSFS,54.55,0.35,54.9,1.06,123,✅ 买入,否,28.0,11.0,6.0,9.0,0.0,2.0,11.293996,1.0981821,2.9499695,27.582002,10.304,1.3350001,5.8999999999999995,26.8,,,125.0,13.25
股票,AMBC,9.52,0.11,61.4,1.01,123,✅ 买入,否,13.0,8.0,0.0,1.0,2.0,2.0,136.0,0.527161,1.6389916,,,,-4.9,,1.166,,0.0,0.0
股票,F,13.19,-0.68,57.7,0.48,123,✅ 买入,否,28.0,12.0,2.0,9.0,4.0,1.0,11.273504,1.1089624,0.2791007,2.4820002,10.295,0.8330000000000001,9.4,172.70000000000002,1.121,346.673,455.0,64.1
股票,VIPS,19.41,-1.52,57.5,0.95,122,✅ 买入,否,27.0,12.0,7.0,1.0,5.0,2.0,10.379679,0.24692456,0.09169199,6.534,17.43,7.058000000000001,-4.0,-16.6,1.256,17.789,247.00000000000003,26.200000000000003
股票,COMM,16.78,0.3,54.4,0.91,122,✅ 买入,否,27.0,8.0,5.0,6.0,6.0,2.0,14.341882,,0.7015507,17.569000000000003,,6.611000000000001,50.6,,2.254,,0.0,0.0
股票,CBIO,13.02,0.31,56.1,0.49,122,✅ 买入,否,12.0,3.0,0.0,0.0,7.0,2.0,,2.259632,,,,,,,3.62,1.493,0.0,0.0
股票,VZ,41.06,-0.12,55.4,0.89,122,✅ 买入,否,32.0,11.0,7.0,8.0,4.0,2.0,8.754798,1.6481355,1.2607172,14.427999999999999,19.875,5.175,1.5,50.0,0.739,164.799,672.0,58.050000000000004
股票,MAR,285.72,-0.59,61.3,0.84,122,✅ 买入,否,22.0,1.0,7.0,9.0,3.0,2.0,30.107483,,11.220884,37.984002,,9.641,5.6000000000000005,28.999999999999996,0.467,,94.0,27.43
股票,KR,66.71,1.12,54.1,0.88,122,✅ 买入,否,27.0,8.0,6.0,8.0,3.0,2.0,16.93147,5.4068727,0.3007297,1.8550001,25.049,5.5329999999999995,0.1,42.199999999999996,0.946,271.402,210.0,32.490003
股票,YUM,149.02,-0.47,55.7,0.89,122,✅ 买入,否,22.0,3.0,7.0,5.0,5.0,2.0,29.048733,,5.157295,17.951,,24.031,8.4,4.3999999999999995,1.694,,191.0,54.580003
股票,SJM,109.14,-1.05,60.4,1.16,122,✅ 买入,否,17.0,11.0,1.0,1.0,4.0,0.0,10.364673,1.9648933,1.350352,,,4.463,-0.6,,0.813,137.159,403.0,86.06
股票,CALM,90.47,-1.2,47.1,0.69,122,✅ 买入,否,42.0,11.0,12.0,11.0,6.0,2.0,3.4782777,1.6270704,1.0096605,28.858998000000003,55.108000000000004,35.979,17.4,34.599999999999994,6.841,,958.0,31.990000000000002
股票,STLD,155.41,0.53,56.2,0.76,122,✅ 买入,否,32.0,8.0,5.0,10.0,7.0,2.0,20.584106,2.5251443,1.2869692,6.39,12.550999,5.547,11.200000000000001,33.7,3.107,42.166,129.0,25.959998000000002
股票,TCOM,72.03,-3.34,49.7,1.51,121,✅ 买入,否,36.0,11.0,7.0,11.0,5.0,2.0,19.78846,0.3202287,0.85072154,31.497999999999998,12.964999999999998,3.7409999999999997,16.2,25.1,1.332,26.547,42.0,8.41
股票,GLOB,61.07,-2.82,51.2,1.83,121,✅ 买入,否,21.0,10.0,1.0,2.0,6.0,2.0,24.92653,1.2501279,1.1140671,4.0149998,4.7859997000000005,3.968,0.4,-25.5,1.934,21.127,0.0,0.0
股票,HCA,472.65,-0.13,64.0,0.7,121,✅ 买入,否,26.0,7.0,5.0,9.0,3.0,2.0,18.284332,,1.4521542,8.53,,12.198,9.6,42.6,0.854,,61.0,10.9
股票,OMCL,35.12,-1.24,59.8,0.65,121,✅ 买入,否,21.0,8.0,0.0,3.0,8.0,2.0,81.674416,1.2908916,1.3538193,1.691,1.625,0.54400004,10.0,-35.9,1.445,16.937,0.0,0.0
股票,RIG,4.01,0.0,60.4,0.52,121,✅ 买入,否,21.0,9.0,1.0,3.0,6.0,2.0,28.642859,0.54654497,1.1401082,,,2.1860002,8.4,,1.081,77.012,0.0,0.0
股票,MS,163.86,-1.06,52.4,1.33,121,✅ 买入,否,31.0,8.0,7.0,11.0,3.0,2.0,16.806154,2.6016543,3.8406222,23.606001,15.135000000000002,1.2449999999999999,19.1,48.9,2.266,420.553,244.0,38.72
股票,LNC,41.04,-0.1,53.5,0.84,121,✅ 买入,否,31.0,12.0,6.0,3.0,8.0,2.0,3.5594103,0.823402,0.42346123,11.451,21.68,0.20600000000000002,9.4,,2.294,74.359,438.99999999999994,15.609999
股票,HURN,165.5,2.31,61.0,1.19,121,✅ 买入,否,31.0,6.0,8.0,10.0,5.0,2.0,27.721945,5.2907515,1.76251,6.6939995,21.197,7.95,16.8,16.3,1.439,131.064,0.0,0.0
股票,ASND,204.4,-0.99,52.5,2.03,120,✅ 买入,否,10.0,0.0,0.0,6.0,2.0,2.0,,,19.509325,,,,269.4,,1.032,,0.0,0.0
股票,SUI,126.82,1.04,53.8,0.52,120,✅ 买入,否,20.0,5.0,5.0,2.0,8.0,0.0,59.5399,2.2442045,4.9884377,31.354,,2.471,2.9000000000000004,-97.1,4.449,62.069,328.0,452.82
股票,VEEV,293.36,0.57,51.7,1.34,120,✅ 买入,否,30.0,0.0,9.0,9.0,10.0,2.0,60.23819,7.2418475,16.199642,27.287,13.701000999999998,7.239999599999999,16.7,14.399999999999999,5.573,1.287,0.0,0.0
股票,MMM,167.58,-1.78,57.2,0.79,120,✅ 买入,否,20.0,4.0,9.0,2.0,3.0,2.0,26.727274,19.235538,3.651062,13.700000000000001,72.920996,7.971,3.5000000000000004,-37.5,1.842,281.904,174.0,46.089999999999996
股票,VTR,78.0,0.98,77.1,0.98,120,✅ 买入,否,20.0,3.0,1.0,12.0,4.0,0.0,147.16982,2.9620628,6.608741,4.2930003,2.1559998,2.1370001,21.8,201.6,0.524,100.11,246.0,356.59999999999997
